<?xml version="1.0" encoding="UTF-8" ?>
<!DOCTYPE mapper PUBLIC "-//mybatis.org//DTD Mapper 3.0//EN" "http://mybatis.org/dtd/mybatis-3-mapper.dtd" >

<mapper namespace="com.seata.study.dao.OrderMapper">

    <resultMap id="BaseResultMap" type="com.seata.study.domain.Order">
        <id column="id" property="id" jdbcType="BIGINT"/>
        <result column="user_id" property="userId" jdbcType="BIGINT"/>
        <result column="product_id" property="productId" jdbcType="BIGINT"/>
        <result column="count" property="count" jdbcType="BIGINT"/>
        <result column="money" property="money" jdbcType="DECIMAL"/>
        <result column="status" property="status" jdbcType="INTEGER"/>
    </resultMap>

    <insert id="create">
        insert into t_order (user_id, product_id, count, money, status)
        values (#{userId}, #{productId}, #{count}, #{money}, #{status});
    </insert>

    <update id="update">
        update t_order set status = #{status} where id=#{id}
    </update>

</mapper>

