<?xml version="1.0" encoding="UTF-8"?>
<!DOCTYPE mapper PUBLIC "-//mybatis.org//DTD Mapper 3.0//EN" "http://mybatis.org/dtd/mybatis-3-mapper.dtd">
<mapper namespace="com.clay.mapper.OrderMapper">

    <resultMap id="BaseResultMap" type="com.clay.entities.Order">
        <id column="id" jdbcType="BIGINT" property="id"/>
        <result column="user_id" jdbcType="BIGINT" property="userId"/>
        <result column="product_id" jdbcType="BIGINT" property="productId"/>
        <result column="count" jdbcType="INTEGER" property="count"/>
        <result column="money" jdbcType="DECIMAL" property="money"/>
        <result column="status" jdbcType="INTEGER" property="status"/>
    </resultMap>

    <insert id="insert" useGeneratedKeys="true" keyProperty="id">
        insert into t_order (user_id, product_id, count, money, status)
        values (#{userId}, #{productId}, #{count}, #{money}, #{status});
    </insert>

    <select id="selectById">
        SELECT *
        FROM t_order
        WHERE id = #{id}
    </select>

    <update id="updateStatus">
        UPDATE t_order
        SET status = #{status}
        WHERE id = #{id}
    </update>

</mapper>
