{
  "kind": "KubeletConfiguration",
  "apiVersion": "kubelet.config.k8s.io/v1beta1",
  "authentication": {
    "x509": {
      "clientCAFile": "/opt/kubernetes/ssl/ca.pem"
    },
    "webhook": {
      "enabled": true,
      "cacheTTL": "2m0s"
    },
    "anonymous": {
      "enabled": false
    }
  },
  "authorization": {
    "mode": "Webhook",
    "webhook": {
      "cacheAuthorizedTTL": "5m0s",
      "cacheUnauthorizedTTL": "30s"
    }
  },
  "address": "172.21.0.7",
  "port": 10250,
  "readOnlyPort": 0,
  "cgroupDriver": "cgroupfs",
  "hairpinMode": "promiscuous-bridge",
  "serializeImagePulls": false,
  "featureGates": {
    "RotateKubeletClientcertificate": true,
    "RotateKubeletServercertificate": true
  },
  "clusterDomain": "cluster.local",
  "clusterDNS": ["10.0.0.2"]
}
